OB_tot,C_obs,Bone_tot,Tumor_tot
0.0111168895,,,
0.005098643166666667,,,
0.00177428125,,,