OB_tot,C_obs,Bone_tot,Tumor_tot
0.0013046340904909377,,,
0.0006730779501272025,,,
0.0011641324253750353,,,