OB_tot,C_obs,Bone_tot,Tumor_tot
2.571975099,0.703280056,5.793150545,10
1.332242162,0.561666583,13.08880717,153.4833243
2.30420001,0.581346031,17.19009809,139.425068